claveCarrera,nombre,nombreCorto
COPU-2010-205,Contador Público,CONTADOR
GAST-2010-215,Gastronomía,GASTRONOMIA
ICIV-2010-208,Ingeniería Civil ,CIVIL
IELC-2010-211,Ingeniería Electrónica,ELECTRONICA
IGEM-2009-201,Ingeniería en Gestión Empresarial ,GESTION
IIAL-2010-219,Ingeniería en Industrias Alimentarias,ALIMENTARIAS
IIND-2010-227,Ingeniería Industrial ,INDUSTRIAL
IINF-2010-220,Ingeniería Informática,INFORMATICA
