ficha,nombreCompleto,curp,correoElectronico,claveCarrera
1,MAGALI CAMPOS CORNELIO,CACM040323MMNMRGA2,magalicampos6408@gmail.com,IDCO-2010-216
2,CARLOS BALAM LOPEZ MONROY ,LOMC850921HDFPNR07,jaguarj15@gmail.com,IADM-2010-213
3,BELEN AMEZCUA CIRA,AECB030517MMNMRLA5,belencira.17amez@gmail.com,IADM-2010-213
4,SAHORY SOSA PAHUA,SOPS051024MGTSHHA7,doradan19293@gmail.com,IADM-2010-213
5,MARCOS DANIEL FRAGA MATEO,FAMM060112HMNRTRA0,marcdanielfraga31@gmailcom,IADM-2010-213
6,MARIA IVONNE MONCADA VELAZQUEZ,MOVI050815MMNNLVA6,moncadavelazquezivonne@gmail.com,IDCO-2010-216
7,CRISTOPHER DOMINGUEZ AYALA,DOAC050221HMNMYRA3,dominguezayalacristopher04@gmail.com,ITIC-2010-225
8,ZARA GONZALEZ MENDIOLA,GOMZ061210MMNNNRA4,zaragonzalezmendiola@gmail.com,ITIC-2010-225
9,OSWALDO ALEJANDRE GAONA,AEGO060731HMNLNSA5,oswaldoalejandre69@gmail.com,ITIC-2010-225
